"Source:","/Users/scholli/Git/BugWiper2_0/Hardware/PanelPCB/Panel/Panel.kicad_sch"
"Date:","Thursday, February 13, 2025 at 12:35:27 AM"
"Tool:","Eeschema 7.0.10"
"Generator:","/Applications/KiCad/KiCad.app/Contents/SharedSupport/plugins/bom_csv_grouped_by_value_with_fp Mouser.py"
"Component Count:","10"
"Ref","Qnty","Value","Cmp name","Footprint","Description","Manufacturer_Name","Manufacturer_Part_Number","Mouser Part Number","Mouser Price/Stock","JLCPCB PART#","JLCPCB Price","DNP"
"C1, C3","2","100nF","C","Capacitor_SMD:C_0603_1608Metric","Unpolarized capacitor","Samsung Electro-Mechanics","CL10B104KB8NNNC","187-CL10B104KB8NNNC","","","",""
"C2","1","470nF","C","Capacitor_SMD:C_0603_1608Metric","Unpolarized capacitor","Samsung Electro-Mechanics","CL10B474KA8NFNC","187-CL10B474KA8NFNC","0,038 €","","",""
"D1","1","APA-106-F5","APA-106-F5","LED_THT:LED_D5.0mm-4_RGB_Wide_Pins","RGB LED with integrated controller, 5mm Package","SparkFun","APA-106-F5","","","","",""
"D2","1","CUS15S30,H3F","1N4148W","Diode_SMD:D_SOD-323_HandSoldering","75V 0.15A Fast Switching Diode, SOD-123","Toshiba","CUS15S30,H3F","757-CUS15S30H3F","0,209 €","","",""
"J1","1","RJ45","RJ45","BugWiper_lib:MJ3415882","RJ connector, 8P8C (8 positions 8 connected)","GCT","MJ3415-88-2","640-MJ3415-88-2","0,599 €","","",""
"L1","1","L_Ferrite","L_Ferrite","Inductor_SMD:L_0805_2012Metric","Inductor with ferrite core","Vishay / Dale","ILBB0805ER151V","70-ILBB0805ER151V","0,095 €","","",""
"S1","1","100SP4T1B4M2QE","100SP4T1B4M2QE","100SP4T1B4M2QE","TOGGLE, 5A, 120VAC/28VDC SPDT, (On)-Off-(On) Through Hole","E-Switch","100SP4T1B4M2QE","612-100SP4T1B4M2QE","https://www.mouser.com/Search/Refine.aspx?Keyword=612-100SP4T1B4M2QE","","",""
"U1","1","AP2204R-5.0","AP2204R-5.0","Package_TO_SOT_SMD:SOT-89-3","150mA low dropout linear regulator, wide input voltage range, 5.0V fixed positive output, SOT-89-3 package","Diodes Incorporated","AP2204R-5.0TRG1","621-AP2204R-5.0TRG1","","","",""
"U2","1","SN74LV1T34DBV","SN74LV1T34DBV","Package_TO_SOT_SMD:SOT-23-5","Single Power Supply, Single Buffer GATE, CMOS Logic, Level Shifter, SOT-23-5","Texas Instruments","SN74LV1T34DBVR","595-SN74LV1T34DBVR","","","",""
